Location,Property_Type,Price_Listing,Property_Sqft,Property_Tax,Bed,Bath
"66 SUMMIT Avenue, Kitchener, ON",Rental,2980,"1,902 SQFT","$4,264",4,2
"110 FERGUS Avenue Unit# 201, Kitchener, ON",Rental,1950,683 SQFT,N/A,1,1
"251 NORTHFIELD Drive Unit# 602, Waterloo, ON",Rental,2450,800 SQFT,N/A,2,2
"461 TREMBLING ASPEN Avenue, Waterloo, ON",Rental,3100,"1,363 SQFT",N/A,3,2
"28 WESTHILL Drive Unit# 417, Waterloo, ON",Rental,2510,850 SQFT,N/A,2,2
"28 WESTHILL Drive Unit# 411, Waterloo, ON",Rental,2420,830 SQFT,N/A,2,2
"1200 COURTLAND Avenue E Unit# 45, Kitchener, ON",Rental,1999,990 SQFT,"$1,467",2,1
"1 - 413 BAIRSTOW CRESCENT, Waterloo, ON",Rental,3100,Not listed,N/A,3,2
"502 - 51 DAVID STREET, Kitchener, ON",Rental,1950,Not listed,N/A,1,1
"525 NEW DUNDEE Road Unit# 205, Kitchener, ON",Rental,2250,811 SQFT,N/A,1,1
"580 HIGHPOINT Avenue Unit# Upper, Waterloo, ON",Rental,2450,"1,150 SQFT",N/A,3,1
"241 FERN Crescent, Waterloo, ON",Rental,3950,"2,900 SQFT",N/A,4,4
"5 - 231 BECKER STREET, Kitchener, ON",Rental,2500,Not listed,N/A,3,2
"12 OAT Lane, Kitchener, ON",Rental,2300,930 SQFT,N/A,0,2
"126 PEACH BLOSSOM Crescent, Kitchener, ON",Rental,3400,"1,617 SQFT",N/A,4,3
"101 WOOD Street, Kitchener, ON",Rental,4800,"1,885 SQFT",N/A,3,3
"72 ERB Street E Unit# 101, Waterloo, ON",Rental,2095,686 SQFT,N/A,1,1
"144 PARK Street Unit# 1502, Waterloo, ON",Rental,2799,958 SQFT,N/A,3,2
"600 VICTORIA Street S Unit# 7, Kitchener, ON",Rental,2400,"1,055 SQFT",N/A,2,2
"318 DOLPH Street S Unit# 1, Cambridge, ON",Rental,1975,740 SQFT,N/A,2,1
"1674H FISCHER HALLMAN Road, Kitchener, ON",Rental,2095,963 SQFT,N/A,2,1
"15 WELLINGTON Street S Unit# 2312, Kitchener, ON",Rental,1925,625 SQFT,N/A,1,1
"261 WOODBINE Avenue Unit# 41, Kitchener, ON",Rental,2350,"1,280 SQFT",N/A,2,3
"108 GARMENT Street S Unit# 608, Kitchener, ON",Rental,2600,788 SQFT,N/A,2,2
"15 WELLINGTON Street Unit# 304, Kitchener, ON",Rental,2500,730 SQFT,N/A,3,2
"407 - 60 FREDERICK STREET, Kitchener, ON",Rental,2650,Not listed,N/A,2,2
"953 CREEKSIDE Drive Unit# B, Waterloo, ON",Rental,1600,628 SQFT,"$3,744",0,1
"420 NEWMAN Drive Unit# 23, Cambridge, ON",Rental,2695,"1,588 SQFT",N/A,3,3
"BSMNT - 456 TWINLEAF STREET, Waterloo, ON",Rental,2150,Not listed,N/A,2,1
"94 ROBERT PEEL Road, Kitchener, ON",Rental,2550,"1,512 SQFT","$4,175",2,3
"47 EVA DRIVE, Woolwich, ON",Rental,2850,Not listed,N/A,3,4
"23 - 570 LINDEN DRIVE, Cambridge, ON",Rental,3000,Not listed,N/A,3,3
"100 OLD CARRIAGE Drive Unit# A301, Kitchener, ON",Rental,1950,870 SQFT,N/A,2,1
"424 ARGYLE Street S Unit# 1, Cambridge, ON",Rental,1700,400 SQFT,N/A,1,1
"231 MAX BECKER Drive Unit# 5, Kitchener, ON",Rental,2500,"1,662 SQFT",N/A,3,2
"108 MOORE Avenue Unit# Bsmt Only, Kitchener, ON",Rental,1600,598 SQFT,"$3,636",1,1
"857 BRANDENBURG Boulevard, Waterloo, ON",Rental,3250,"2,535 SQFT",N/A,3,3
"709 - 104 GARMENT STREET, Kitchener, ON",Rental,2650,Not listed,N/A,2,2
"152 OVERLEA DRIVE, Kitchener, ON",Rental,3000,Not listed,N/A,3,3
"2 - 453 ALBERT STREET, Waterloo, ON",Rental,3200,Not listed,N/A,3,2
"17 - 45 BANK SWALLOW CRESCENT, Kitchener, ON",Rental,2850,Not listed,N/A,3,3
"311 WOOLWICH Street Unit# 6, Waterloo, ON",Rental,3100,"1,898 SQFT",N/A,4,3
"15 WELLINGTON Street Unit# 411, Kitchener, ON",Rental,2100,620 SQFT,N/A,1,1
"25 HAHN Place Unit# MAIN, Kitchener, ON",Rental,2500,"1,300 SQFT","$4,400",3,1
"45 BANK SWALLOW Crescent, Kitchener, ON",Rental,2850,"1,615 SQFT","$3,854",3,3
"377 CHOKECHERRY Crescent, Waterloo, ON",Rental,1900,900 SQFT,N/A,2,1
"100 GARMENT Street Unit# 409, Kitchener, ON",Rental,2750,933 SQFT,N/A,2,2
"175 OXFORD Street Unit# A, Kitchener, ON",Rental,2400,"1,065 SQFT",N/A,3,1
"40 COMPASS Trail, Cambridge, ON",Rental,3900,"2,805 SQFT","$8,158",4,3
"140 WATERMILL Street, Kitchener, ON",Rental,2799,"1,470 SQFT",N/A,3,3
"139 BRIGHTON Street Unit# 4c, Waterloo, ON",Rental,1950,648 SQFT,"$2,278",1,1
"765 LINDEN DRIVE, Cambridge, ON",Rental,2600,Not listed,N/A,5,3
"261 WOODBINE Avenue Unit# 73, Kitchener, ON",Rental,2300,"1,300 SQFT",N/A,2,3
"159 HISTAND Trail, Kitchener, ON",Rental,3500,"2,254 SQFT",N/A,4,3
"110 FERGUS Avenue Unit# 39, Kitchener, ON",Rental,3250,"1,793 SQFT","$5,053",3,2
"311 WOOLWICH Street Unit# 7, Waterloo, ON",Rental,3100,"1,840 SQFT",N/A,3,3
"1434 HIGHLAND Road W Unit# 206, Kitchener, ON",Rental,1950,700 SQFT,N/A,2,1
"238 LOWTHER Street N, Cambridge, ON",Rental,2950,"1,479 SQFT","$3,009",4,2
"38 BLACK WALNUT Drive, Kitchener, ON",Rental,2800,"1,856 SQFT",N/A,3,2
"32 OBERMEYER DRIVE, Kitchener, ON",Rental,2450,Not listed,N/A,3,1
"64 BENTON Street Unit# 503, Kitchener, ON",Rental,1675,Not listed,"$1,333",1,1
"29 PAULANDER Drive Unit# 3, Kitchener, ON",Rental,3680,"1,350 SQFT","$2,545",3,3
"399 DOLMAN STREET, Woolwich, ON",Rental,3100,Not listed,N/A,4,3
"BSMT - 42 SHANLEY STREET, Kitchener, ON",Rental,1500,Not listed,N/A,0,1
"1102 - 104 GARMENT STREET, Kitchener, ON",Rental,2350,Not listed,N/A,2,1
"42 SHANLEY Street Unit# Basement, Kitchener, ON",Rental,1500,650 SQFT,N/A,0,1
"310 - 15 PRINCE ALBERT BOULEVARD, Kitchener, ON",Rental,2140,Not listed,N/A,2,2
"5 WELLINGTON Street S Unit# 604, Kitchener, ON",Rental,2050,600 SQFT,N/A,2,1
"139 BRIGHTON Street Unit# 11A, Waterloo, ON",Rental,2650,"1,250 SQFT",N/A,3,2
"741 KING ST W REAR Unit# 512, Kitchener, ON",Rental,2000,683 SQFT,N/A,1,1
"991 CREEKSIDE Drive, Waterloo, ON",Rental,2950,"2,109 SQFT","$3,316",4,4
"104 GARMENT Street Unit# 404, Kitchener, ON",Rental,1899,699 SQFT,N/A,1,1
"23 SPRING Street W, Waterloo, ON",Rental,3000,"1,010 SQFT",N/A,5,2
"589 BEECHWOOD Drive Unit# 35, Waterloo, ON",Rental,2900,"1,694 SQFT","$2,901",3,2
"328 BREEZEWOOD Crescent Unit# B, Waterloo, ON",Rental,2000,"1,024 SQFT","$4,672",2,1
"5 WAKE ROBIN Drive Unit# 211, Kitchener, ON",Rental,2000,603 SQFT,N/A,1,1
"396 EQUESTRIAN Way, Cambridge, ON",Rental,3750,"3,100 SQFT",N/A,4,4
"5 - 314 EQUESTRIAN WAY, Cambridge, ON",Rental,2900,Not listed,N/A,4,4
"BSMT 1 - 107 ELLIS CRESCENT, Waterloo, ON",Rental,1295,Not listed,N/A,1,1
"151 BRIDGEPORT ROAD E, Waterloo, ON",Rental,3000,Not listed,N/A,3,2
"428 PROSPECT Avenue Unit# 7, Kitchener, ON",Rental,2075,778 SQFT,N/A,2,1
"15 WELLINGTON Street S Unit# 2406, Kitchener, ON",Rental,2000,625 SQFT,N/A,1,1
"514 FALLINGBROOK Drive Unit# Lower, Waterloo, ON",Rental,2425,"1,065 SQFT","$3,373",3,2
"151 BRIDGEPORT Road E Unit# 4, Waterloo, ON",Rental,3000,"1,500 SQFT",N/A,3,2
"64 GRAND HILL Drive, Kitchener, ON",Rental,3995,"2,306 SQFT",N/A,3,2
"17 SORRENTO STREET, Kitchener, ON",Rental,3100,Not listed,N/A,3,4
"168 OTTERBEIN Road, Kitchener, ON",Rental,3400,"2,140 SQFT",N/A,5,3
"456 BEAUMONT Crescent, Kitchener, ON",Rental,3195,"1,652 SQFT",N/A,3,3
"100 GARMENT Street Unit# 1708, Kitchener, ON",Rental,2100,631 SQFT,"$2,885",1,1
"66 FORESTWALK Street, Kitchener, ON",Rental,2950,Not listed,"$3,971",3,3
"140 DAYLILY LANE W, Kitchener, ON",Rental,2300,Not listed,N/A,2,3
"1434 HIGHLAND Road W Unit# 204, Kitchener, ON",Rental,1950,690 SQFT,N/A,2,1
"MAIN - 237 SHADY GLEN CRESCENT, Kitchener, ON",Rental,2999,Not listed,N/A,3,3
"B - 23 MARKWOOD DRIVE, Kitchener, ON",Rental,1995,Not listed,N/A,3,1
"607 - 128 KING STREET N, Waterloo, ON",Rental,1800,Not listed,N/A,2,1
"235 GUELPH Street Unit# Lower, Kitchener, ON",Rental,1795,"2,113 SQFT","$3,806",1,1
"190 MELROSE Avenue, Kitchener, ON",Rental,2600,"1,250 SQFT","$4,086",3,1
"100 OLD CARRIAGE Drive Unit# 105, Kitchener, ON",Rental,2195,870 SQFT,N/A,2,1
"409 - 101 GOLDEN EAGLE ROAD N, Waterloo, ON",Rental,2100,Not listed,N/A,1,1
"120 OLD CARRIAGE Drive Unit# B710, Kitchener, ON",Rental,2193,899 SQFT,N/A,2,1
"509 WESTFOREST Trail, Kitchener, ON",Rental,2895,0 SQFT,N/A,3,3
"350 FISHER MILLS Road Unit# 14, Cambridge, ON",Rental,2350,990 SQFT,N/A,2,2
"31 TOWNSEND Drive Unit# 8, Breslau, ON",Rental,2800,"1,790 SQFT",N/A,2,3
"1607 - 60 FREDERICK STREET, Kitchener, ON",Rental,2150,Not listed,N/A,2,2
"4 GLEN AVON Crescent Unit# Upper, Kitchener, ON",Rental,2650,"1,650 SQFT",N/A,3,2
"741 KING Street W Unit# 701, Kitchener, ON",Rental,2550,733 SQFT,"$6,682",2,1
"595 STRASBURG Road Unit# 511, Kitchener, ON",Rental,2150,716 SQFT,N/A,2,1
"513 MAYFLOWER Street, Waterloo, ON",Rental,2700,"1,785 SQFT","$4,212",3,3
"118 WATERMILL STREET, Kitchener, ON",Rental,2999,Not listed,N/A,4,3
"120 SOUTH CREEK DRIVE, Kitchener, ON",Rental,2800,Not listed,N/A,3,3
"410 KING Street W Unit# 506, Kitchener, ON",Rental,3795,"1,046 SQFT",N/A,2,2
"601 LANCASTER Street W Unit# MAIN, Kitchener, ON",Rental,2100,656 SQFT,N/A,2,1
"15 ACTIVA AVENUE, Kitchener, ON",Rental,2900,Not listed,N/A,4,3
"1989 OTTAWA Street S Unit# 54, Kitchener, ON",Rental,2988,"1,500 SQFT","$3,600",3,3
"261 BELMONT Avenue W Unit# C, Kitchener, ON",Rental,2300,"1,069 SQFT",N/A,2,2
"420 LINDEN Drive Unit# 26, Cambridge, ON",Rental,2895,"1,500 SQFT",N/A,3,3
"2809 - 60 FREDERICK STREET, Kitchener, ON",Rental,2250,Not listed,N/A,2,2
"104 - 103 ROGER STREET, Waterloo, ON",Rental,2375,Not listed,N/A,2,2
"145 SOUTH CREEK Drive Unit# A4, Kitchener, ON",Rental,3000,"1,450 SQFT",N/A,3,4
"363 VOGEL Place, Waterloo, ON",Rental,3100,"1,556 SQFT",N/A,4,2
"142 FOAMFLOWER Place Unit# 63, Waterloo, ON",Rental,2500,"1,198 SQFT",N/A,2,3
"288 BROADACRE DRIVE, Kitchener, ON",Rental,3700,Not listed,N/A,4,4
"UPPER - 40 SORRENTO STREET, Kitchener, ON",Rental,2800,Not listed,N/A,3,3
"268 LEMON GRASS Crescent Unit# BASEMENT, Kitchener, ON",Rental,1800,560 SQFT,N/A,2,1
"B6 - 6 UPPER MERCER STREET E, Kitchener, ON",Rental,2850,Not listed,N/A,3,3
"324 EQUESTRIAN Way Unit# 67, Cambridge, ON",Rental,2500,"1,560 SQFT",N/A,3,3
"23 KENMORE Avenue Unit# Lower, Cambridge, ON",Rental,2195,950 SQFT,N/A,1,1
"230 - 55 DUKE STREET W, Kitchener, ON",Rental,2000,Not listed,N/A,1,1
"142 FOAMFLOWER Place Unit# 10, Waterloo, ON",Rental,2500,"1,022 SQFT",N/A,2,2
"56 ROBERT PEEL Road, Kitchener, ON",Rental,3000,"1,705 SQFT",N/A,3,3
"261 WOODBINE Avenue Unit# B-60, Kitchener, ON",Rental,2450,"1,300 SQFT",N/A,2,2
"247 NORTHFIELD Drive E Unit# 607, Waterloo, ON",Rental,1975,580 SQFT,N/A,1,1
"324 EQUESTRIAN Way Unit# 43-Main, Cambridge, ON",Rental,2600,"1,400 SQFT",N/A,3,3
"16 - 453 ALBERT STREET, Waterloo, ON",Rental,2550,Not listed,N/A,3,1
"42 SHANLEY Street Unit# Upper, Kitchener, ON",Rental,3000,"1,735 SQFT",N/A,3,2
"592 BLAIR CREEK Drive Unit# B, Kitchener, ON",Rental,1695,809 SQFT,N/A,1,1
"112 BENTON Street Unit# 703, Kitchener, ON",Rental,3800,"1,659 SQFT",N/A,2,3
"155 CAROLINE Street S Unit# 1205, Waterloo, ON",Rental,2299,645 SQFT,N/A,2,1
"70 RUSS Street Unit# Upper Level, Cambridge, ON",Rental,2800,"1,000 SQFT",N/A,3,2
"108 GARMENT Street Unit# 1806, Kitchener, ON",Rental,2200,636 SQFT,N/A,2,1
"70 VILLAGE GREEN Way, Baden, ON",Rental,2800,"1,218 SQFT",N/A,3,2
"25 ISHERWOOD Avenue Unit# 98, Cambridge, ON",Rental,2400,"1,068 SQFT","$3,565",2,2
"120 UNION Street S, Cambridge, ON",Rental,2800,"1,016 SQFT",N/A,3,1
"1203 - 741 KING STREET W, Kitchener, ON",Rental,1800,Not listed,N/A,1,1
"143 QUEEN Street N, Kitchener, ON",Rental,2490,"1,437 SQFT",N/A,2,1
"55 GREEN VALLEY Drive Unit# 514, Kitchener, ON",Rental,1900,917 SQFT,N/A,1,1
"702 QUEEN Street S, Kitchener, ON",Rental,2395,"1,100 SQFT",N/A,3,1
"82 PONY Way E, Kitchener, ON",Rental,2950,"1,746 SQFT","$4,633",3,3
"286 CARRIAGE Way Unit# B, Waterloo, ON",Rental,1675,"1,200 SQFT","$8,200",1,1
"805 FAIRWAY CRESCENT, Kitchener, ON",Rental,3300,Not listed,N/A,4,3
"2 - 294 FERGUS AVENUE, Kitchener, ON",Rental,2400,Not listed,N/A,3,2
"565 GREENFIELD Avenue Unit# 910, Kitchener, ON",Rental,2000,655 SQFT,"$1,781",2,1
"555 KING Street E Unit# 308, Kitchener, ON",Rental,2400,"1,026 SQFT",N/A,2,2
"35 - 155 EQUESTRIAN WAY S, Cambridge, ON",Rental,2700,Not listed,N/A,3,3
"69 MEADOWRIDGE STREET, Kitchener, ON",Rental,3100,Not listed,N/A,3,4
"168 WINDFLOWER DRIVE, Kitchener, ON",Rental,1100,Not listed,N/A,1,1
"901 - 741 KING STREET W, Kitchener, ON",Rental,2500,Not listed,N/A,2,1
"2611 - 108 GARMENT STREET, Kitchener, ON",Rental,2000,Not listed,N/A,1,1
"562 BLAIR CREEK DRIVE, Kitchener, ON",Rental,2900,Not listed,N/A,3,3
"525 NEW DUNDEE Road Unit# 309, Kitchener, ON",Rental,2650,951 SQFT,N/A,2,2
"49 HISTAND TRAIL, Kitchener, ON",Rental,2950,Not listed,N/A,3,3
"60 GEORGE Street Unit# Main, Waterloo, ON",Rental,3000,"1,244 SQFT","$7,743",3,2
"38 REISTWOOD Drive, Kitchener, ON",Rental,2850,"1,986 SQFT",N/A,3,4
"55 HUGO Crescent, Kitchener, ON",Rental,1695,400 SQFT,N/A,1,1
"89 BECK Street Unit# 4, Cambridge, ON",Rental,2195,800 SQFT,N/A,2,1
"64 BENTON Street Unit# 1201, Kitchener, ON",Rental,1800,674 SQFT,"$1,333",1,1
"G6 - 20 PALACE STREET, Kitchener, ON",Rental,2300,Not listed,N/A,2,2
"1403 - 741 KING STREET W, Kitchener, ON",Rental,2250,Not listed,N/A,1,1
"50 PINNACLE Drive Unit# 57, Kitchener, ON",Rental,2850,"1,445 SQFT",N/A,3,3
"UPPER - 199 ALLEN STREET E, Waterloo, ON",Rental,3000,Not listed,N/A,3,1
"960 BIANCA COURT, Kitchener, ON",Rental,2850,Not listed,N/A,3,3
"16 - 155 EQUESTRIAN WAY, Cambridge, ON",Rental,2849,Not listed,N/A,4,4
"275 FERNDALE Place, Waterloo, ON",Rental,3000,"2,000 SQFT","$6,235",3,3
"22 PONDCLIFFE DRIVE, Kitchener, ON",Rental,3200,Not listed,N/A,4,3
"70 FORESTWALK STREET, Kitchener, ON",Rental,2750,Not listed,N/A,3,3
"519 - 251 NORTHFIELD DRIVE E, Waterloo, ON",Rental,2350,Not listed,N/A,2,2
"120 WHEAT LANE, Kitchener, ON",Rental,2350,Not listed,N/A,2,2
"205 WEST OAK Trail Unit# 14, Kitchener, ON",Rental,2650,"1,437 SQFT",N/A,2,2
"55 CARTIER Drive Unit# Upper Unit, Kitchener, ON",Rental,2650,"1,021 SQFT","$3,035",3,1
"741 KING Street W Unit# 1803, Kitchener, ON",Rental,2250,656 SQFT,N/A,1,1
"741 KING Street W Unit# 1703, Kitchener, ON",Rental,2250,656 SQFT,N/A,1,1
"741 KING Street W Unit# 1804, Kitchener, ON",Rental,2000,553 SQFT,N/A,1,1
"203 MAUSSER Avenue Unit# 2, Kitchener, ON",Rental,2450,992 SQFT,N/A,3,1
"54 - 271 GREY SILO ROAD, Waterloo, ON",Rental,3200,Not listed,N/A,4,4
"76 WELLINGTON Street N Unit# A, Kitchener, ON",Rental,2200,872 SQFT,N/A,2,1
"251 NORTHFIELD Drive E Unit# 616, Waterloo, ON",Rental,1950,584 SQFT,N/A,1,1
"15 STAUFFER WOODS Trail Unit# 31, Kitchener, ON",Rental,2000,782 SQFT,N/A,1,1
"234 NEWBURY Drive, Kitchener, ON",Rental,2800,"1,625 SQFT",N/A,3,2
"401 FOUNTAIN STREET S, Cambridge, ON",Rental,3000,Not listed,N/A,5,2
"261 FORESTWALK STREET Street, Kitchener, ON",Rental,3900,"2,521 SQFT",N/A,5,4
"948 WINTERHALT Avenue, Cambridge, ON",Rental,2300,960 SQFT,N/A,3,1
"60 CHARLES STREET WEST Street Unit# 2601, Kitchener, ON",Rental,1900,549 SQFT,N/A,1,1
"308 LESTER Street Unit# 620, Waterloo, ON",Rental,1900,Not listed,"$2,240",1,1
"262 NORTHCREST PLACE, Waterloo, ON",Rental,3200,Not listed,N/A,4,2
"711 - 15 WELLINGTON STREET S, Kitchener, ON",Rental,2200,Not listed,N/A,2,1
"450 HESPELER Road Unit# G213, Cambridge, ON",Rental,2850,875 SQFT,$12,N/A,0
"272 MARY Street, Waterloo, ON",Rental,4100,"3,455 SQFT",N/A,4,4
"244 NORTHLAKE Drive Unit# B, Waterloo, ON",Rental,2600,"1,250 SQFT",N/A,3,1
"76 BRYBECK Crescent Unit# 201, Kitchener, ON",Rental,1899,900 SQFT,N/A,3,1
"1A - 155 THOMAS SLEE DRIVE, Kitchener, ON",Rental,2300,Not listed,N/A,2,2
"258A SUNVIEW Street Unit# 133, Waterloo, ON",Rental,2000,541 SQFT,N/A,1,1
"LOWER - 106 TRAFALGAR AVENUE S, Kitchener, ON",Rental,2000,Not listed,N/A,3,1
"C27 - 1430 HIGHLAND ROAD W, Kitchener, ON",Rental,2300,Not listed,N/A,2,2
"155 CAROLINE Street S Unit# 1004, Waterloo, ON",Rental,2400,671 SQFT,N/A,2,1
"324 EQUESTRIAN WAY, Cambridge, ON",Rental,2500,Not listed,N/A,3,3
"603 - 60 FREDERICK STREET, Kitchener, ON",Rental,1975,Not listed,N/A,2,1
"65 BETZNER Avenue N Unit# 2, Kitchener, ON",Rental,2000,626 SQFT,N/A,1,1
"126 TARTAN AVENUE, Kitchener, ON",Rental,3400,Not listed,N/A,4,4
"255 NORTHFIELD Drive E Unit# 414, Waterloo, ON",Rental,2500,821 SQFT,"$3,372",2,2
"92 RIDGE ROAD, Cambridge, ON",Rental,3099,Not listed,N/A,4,3
"#2B - 240 WESTMEADOW DRIVE, Kitchener, ON",Rental,2600,Not listed,N/A,3,2
"128 KING Street N Unit# 809, Waterloo, ON",Rental,2000,683 SQFT,N/A,2,1
"181 KING Street S Unit# 811, Waterloo, ON",Rental,1985,610 SQFT,N/A,1,1
"29 MADELEINE Street, Kitchener, ON",Rental,2850,"1,484 SQFT",N/A,3,3
"1430 HIGHLAND ROAD WEST Road Unit# C28, Kitchener, ON",Rental,2550,"1,137 SQFT",N/A,2,3
"41 VALLEYVIEW Road Unit# 49, Kitchener, ON",Rental,1850,620 SQFT,N/A,1,1
"15 WELLINGTON Street Unit# 512, Kitchener, ON",Rental,1899,625 SQFT,N/A,1,1
"255 NORTHFIELD Drive E Unit# 305, Waterloo, ON",Rental,2395,801 SQFT,N/A,2,2
"391 PIONEER Drive Unit# 6, Kitchener, ON",Rental,2350,894 SQFT,N/A,3,1
"96 OAT Lane, Kitchener, ON",Rental,2599,"1,220 SQFT",N/A,2,3
"195 COMMONWEALTH Street Unit# 203, Kitchener, ON",Rental,2395,884 SQFT,N/A,2,2
"179 WESTMOUNT Road E Unit# A, Kitchener, ON",Rental,2500,"1,233 SQFT",N/A,3,1
"14 GREYHAWK Street, Kitchener, ON",Rental,4200,"2,526 SQFT",N/A,4,3
"3 ROPER PLACE, Kitchener, ON",Rental,2849,Not listed,N/A,3,3
"805 - 128 KING STREET N, Waterloo, ON",Rental,1950,Not listed,N/A,2,1
"53 - 620 LINDEN DRIVE, Cambridge, ON",Rental,2900,Not listed,N/A,4,3
"100 PERIWINKLE Street, Kitchener, ON",Rental,3000,"1,550 SQFT","$4,251",4,3
"424 PINETREE CRESCENT, Cambridge, ON",Rental,2900,Not listed,N/A,5,2
"17 VISIONARY Avenue, Kitchener, ON",Rental,2600,"1,846 SQFT","$3,844",2,3
"566 BALSAM POPLAR Street, Waterloo, ON",Rental,3500,"2,456 SQFT",N/A,4,3
"3 A - 115 SOUTH CREEK DRIVE, Kitchener, ON",Rental,2950,Not listed,N/A,3,3
"UPPER - 162 NEWCASTLE DRIVE, Waterloo, ON",Rental,3000,Not listed,N/A,3,3
"BSMT - 162 NEWCASTLE DRIVE, Waterloo, ON",Rental,1200,Not listed,N/A,1,1
"31C - 1430 HIGHLAND ROAD W, Kitchener, ON",Rental,2400,Not listed,N/A,2,2
"84 - 701 HOMER WATSON BOULEVARD, Kitchener, ON",Rental,2650,Not listed,N/A,2,3
"156 - 258A SUNVIEW STREET, Waterloo, ON",Rental,1800,Not listed,N/A,1,1
"162 OTTERBEIN ROAD, Kitchener, ON",Rental,3400,Not listed,N/A,4,3
"523 WINDFLOWER Crescent, Kitchener, ON",Rental,3000,"1,627 SQFT",N/A,3,4
"25 - 162 JANSEN AVENUE, Kitchener, ON",Rental,2700,Not listed,N/A,4,2
"8 VISIONARY AVENUE, Kitchener, ON",Rental,2700,Not listed,N/A,2,3
"11B - 185 WINDALE CRESCENT, Kitchener, ON",Rental,1800,Not listed,N/A,1,1
"736 OLD ALBERT Street Unit# 409, Waterloo, ON",Rental,2100,830 SQFT,N/A,2,1
"BSMT - 584 PINERY TRAIL, Waterloo, ON",Rental,1700,Not listed,N/A,2,1
"71 SAMUEL Street, Kitchener, ON",Rental,2550,"1,179 SQFT",N/A,2,2
"551 WOOLGRASS Avenue, Waterloo, ON",Rental,3100,"1,594 SQFT",N/A,4,2
"229 WATERVALE Crescent, Kitchener, ON",Rental,3100,"1,781 SQFT",N/A,3,3
"5 WELLINGTON Street S Unit# 703, Kitchener, ON",Rental,1950,550 SQFT,N/A,1,1
"1003 - 100 GARMENT STREET, Kitchener, ON",Rental,2000,Not listed,N/A,1,1
"520 WINTERBURG Walk Unit# Basement, Waterloo, ON",Rental,2250,"4,571 SQFT","$7,000",2,2
"112 UNION Street E Unit# A303, Waterloo, ON",Rental,2600,"1,360 SQFT",N/A,2,2
"14 JOHN RUSSELL Lane, Kitchener, ON",Rental,2800,"1,510 SQFT","$4,024",3,3
"251 NORTHFIELD Drive Unit# 510, Waterloo, ON",Rental,1950,650 SQFT,N/A,1,1
"30 ROUTLEY STREET, Kitchener, ON",Rental,3300,Not listed,N/A,4,3
"211 - 321 SPRUCE STREET, Waterloo, ON",Rental,2100,Not listed,N/A,2,1
"15 WELLINGTON Street S Unit# 203, Kitchener, ON",Rental,1999,660 SQFT,N/A,1,1
"95 WINDFLOWER Drive, Kitchener, ON",Rental,3000,"1,546 SQFT",N/A,3,3
"708 QUEEN Street S, Kitchener, ON",Rental,2800,"1,536 SQFT",N/A,3,2
"261 - 258B SUNVIEW STREET, Waterloo, ON",Rental,2100,Not listed,N/A,2,1
"704 KEATSWOOD Crescent, Waterloo, ON",Rental,3200,"1,600 SQFT","$3,841",3,2
"66 KNOTTY PINE Avenue, Cambridge, ON",Rental,2850,"1,580 SQFT",N/A,4,3
"303 RIDGE ROAD, Cambridge, ON",Rental,3999,Not listed,N/A,5,5
"54 PONDCLIFFE DRIVE, Kitchener, ON",Rental,3495,Not listed,N/A,4,3
"155 EQUESTRIAN Way Unit# 63, Cambridge, ON",Rental,2950,"1,558 SQFT",N/A,3,3
"330 OLD HURON Road, Kitchener, ON",Rental,3200,"1,836 SQFT",N/A,3,3
"1356 COUNTRYSTONE Drive, Kitchener, ON",Rental,2500,"1,400 SQFT","$3,842",3,3
"42 WILFRED Avenue Unit# 3, Kitchener, ON",Rental,1415,Not listed,N/A,1,1
"204 - 71 VANIER DRIVE, Kitchener, ON",Rental,3200,Not listed,N/A,3,2
"60 FREDERICK Street Unit# 1105, Kitchener, ON",Rental,1900,496 SQFT,N/A,1,1
"947 ATLANTIC BOULEVARD, Waterloo, ON",Rental,2995,Not listed,N/A,3,3
"1430 HIGHLAND Road W Unit# 26B, Kitchener, ON",Rental,2300,743 SQFT,N/A,2,1
"155 EQUESTRIAN Way Unit# 13, Cambridge, ON",Rental,2800,"1,640 SQFT","$4,200",3,4
"250 OLD COUNTRY Place, Kitchener, ON",Rental,2800,"1,561 SQFT","$4,461",4,2
"122 MOORE Avenue S, Waterloo, ON",Rental,2800,"1,220 SQFT",N/A,2,2
"124 COMPASS Trail Unit# 51, Cambridge, ON",Rental,2500,"1,350 SQFT",N/A,2,2
"734 AUTUMN WILLOW Drive, Waterloo, ON",Rental,3695,"2,458 SQFT",N/A,4,4
"160 ROCHEFORT Street Unit# B12, Kitchener, ON",Rental,2300,993 SQFT,N/A,2,2
"223 HIGHVIEW Drive, Kitchener, ON",Rental,1900,"2,912 SQFT",N/A,2,1
"406 RIDEAU RIVER Street, Waterloo, ON",Rental,4000,"5,078 SQFT",N/A,4,5
"413 HAZEL Street Unit# 403, Waterloo, ON",Rental,2150,683 SQFT,N/A,2,1
"410 HAZEL Street Unit# 104, Waterloo, ON",Rental,1675,475 SQFT,N/A,1,1
"469 BRONCO Crescent, Waterloo, ON",Rental,3000,"1,600 SQFT","$3,509",3,3
"1203 - 128 KING STREET, Waterloo, ON",Rental,1900,Not listed,N/A,2,1
"297 BROADACRE DRIVE, Kitchener, ON",Rental,4500,Not listed,N/A,5,5
"233 - 55 DUKE STREET, Kitchener, ON",Rental,2300,Not listed,N/A,2,1
"280 SYDNEY Street, Kitchener, ON",Rental,1700,800 SQFT,N/A,1,1
"165 WINDFLOWER DRIVE, Kitchener, ON",Rental,2600,Not listed,N/A,3,2
"25 ISHERWOOD Avenue Unit# C036, Cambridge, ON",Rental,2500,"1,313 SQFT",N/A,2,3
"741 KING Street W Unit# 813, Kitchener, ON",Rental,1900,537 SQFT,N/A,0,1
"342 MILL Street Unit# 48, Kitchener, ON",Rental,3000,"1,742 SQFT","$3,673",3,4
"460 WOOLWICH Street Unit# 33, Waterloo, ON",Rental,3500,"2,065 SQFT","$4,225",3,3
"676 WILD GINGER Avenue, Waterloo, ON",Rental,2950,"2,204 SQFT",N/A,3,3
"25 ISHERWOOD Avenue Unit# H125, Cambridge, ON",Rental,2499,"1,148 SQFT",N/A,3,2
"88 BROADMOOR Avenue, Kitchener, ON",Rental,2200,Not listed,"$3,345",3,1
"557 DRUMMERHILL Crescent, Waterloo, ON",Rental,2995,"1,755 SQFT",N/A,3,2
"258 HESPELER RD Road Unit# 36, Cambridge, ON",Rental,2950,"1,884 SQFT",N/A,3,3
"70 ST CLAIR AVENUE, Kitchener, ON",Rental,2600,Not listed,N/A,3,2
"416-525 NEW DUNDEE ROAD, Kitchener, ON",Rental,2100,Not listed,N/A,1,1
"98 REISTWOOD Drive Unit# LOWER, Kitchener, ON",Rental,2000,973 SQFT,N/A,2,1
"920 DUNBLANE COURT, Kitchener, ON",Rental,3300,Not listed,N/A,4,4
"386 GROVEHILL Crescent Unit# BSMNT, Kitchener, ON",Rental,1300,780 SQFT,N/A,1,1
"690 KING Street Unit# 418, Kitchener, ON",Rental,2200,705 SQFT,"$3,220",1,1
"24 E ACTIVA Avenue E, Kitchener, ON",Rental,3000,"1,001 SQFT",N/A,3,3
"25 VALENCIA Avenue, Kitchener, ON",Rental,2950,"1,685 SQFT",N/A,3,3
"21 JOHN RUSSELL LANE, Kitchener, ON",Rental,2650,Not listed,N/A,2,2
"410 ZELLER Drive Unit# 3, Kitchener, ON",Rental,2900,"2,000 SQFT",N/A,3,1
"5 RITTENHOUSE Road Unit# 311, Kitchener, ON",Rental,1900,618 SQFT,N/A,1,1
"620 PELHAM Street, Waterloo, ON",Rental,3900,"2,500 SQFT","$7,800",4,3
"55 GREEN VALLEY Drive Unit# 211, Kitchener, ON",Rental,1850,800 SQFT,N/A,1,1
"124 COMPASS Trail Unit# 35, Cambridge, ON",Rental,2850,"1,500 SQFT",N/A,3,3
"1460 HIGHLAND Road W Unit# 11A, Kitchener, ON",Rental,2500,"1,200 SQFT",N/A,3,2
"357 CONNAUGHT Street Unit# 5, Kitchener, ON",Rental,2050,830 SQFT,N/A,2,1
"96 TIMBERLANE CRESCENT, Kitchener, ON",Rental,1850,Not listed,N/A,2,1
"614 LINDEN DRIVE, Cambridge, ON",Rental,2800,Not listed,N/A,4,3
"401 - 103 ROGERS STREET, Waterloo, ON",Rental,2100,Not listed,N/A,2,1
"649 DOON SOUTH Drive, Kitchener, ON",Rental,3500,"2,212 SQFT","$4,862",3,4
"40 420 LINDEN DRIVE, Cambridge, ON",Rental,3400,Not listed,N/A,3,3
"175 SOUTH CREEK Drive, Kitchener, ON",Rental,2799,"1,379 SQFT","$3,573",3,3
"276 BENESFORT Crescent, Kitchener, ON",Rental,2799,"1,056 SQFT",N/A,3,2
"1265 OTTAWA Street, Kitchener, ON",Rental,2200,"1,500 SQFT",N/A,3,2
"321 SPRUCE Street Unit# 605, Waterloo, ON",Rental,2050,619 SQFT,N/A,2,1
"525 NEW DUNDEE Road Unit# 701, Kitchener, ON",Rental,2750,"1,055 SQFT",N/A,2,2
"86 LOXLEIGH Lane, Breslau, ON",Rental,2850,"1,607 SQFT",N/A,3,3
"10 HOLBORN Court Unit# 38, Kitchener, ON",Rental,2600,"1,295 SQFT","$2,635",3,2
"2156 - 258B SUNVIEW STREET, Waterloo, ON",Rental,2250,Not listed,N/A,2,1
"255 NORTHFIELD Drive Unit# 509, Waterloo, ON",Rental,2450,742 SQFT,N/A,2,2
"1004 - 128 KING STREET N, Waterloo, ON",Rental,2650,Not listed,N/A,2,2
"903 - 5 WELLINGTON STREET S, Kitchener, ON",Rental,2200,Not listed,N/A,1,1
"111 - 404 KING STREET W, Kitchener, ON",Rental,1999,Not listed,N/A,1,1
"18 STILLWATER STREET, Kitchener, ON",Rental,3300,Not listed,N/A,4,3
"466 MIDWOOD Crescent Unit# Upper, Waterloo, ON",Rental,2250,"1,003 SQFT","$3,528",3,1
"32 HOLLYBROOK (UPPER) TRAIL, Kitchener, ON",Rental,3499,Not listed,N/A,5,3
"180 OAT LANE, Kitchener, ON",Rental,2400,Not listed,N/A,2,2
"1115 LERCH Road, Breslau, ON",Rental,4200,"2,800 SQFT",N/A,4,4
"47 BLACKSMITH DRIVE, Woolwich, ON",Rental,3250,Not listed,N/A,3,3
"32 PONY Way, Kitchener, ON",Rental,3250,"1,500 SQFT",N/A,4,3
"547 PHILIP Crescent, Cambridge, ON",Rental,3500,"1,975 SQFT",N/A,4,2
"90 TILBURY Street, Breslau, ON",Rental,2785,"1,345 SQFT",N/A,3,3
"15 WELLINGTON Street S Unit# 2306, Kitchener, ON",Rental,2049,625 SQFT,N/A,1,1
"1100 COURTLAND Avenue E Unit# 1006, Kitchener, ON",Rental,1900,Not listed,"$1,349",1,1
"727 THOMAS SLEE Drive, Kitchener, ON",Rental,1550,650 SQFT,"$5,817",1,1
"19 - 15 BLACKLOCK STREET, Cambridge, ON",Rental,2697,Not listed,N/A,3,3
"1215 ELEANOR AVENUE, Cambridge, ON",Rental,3300,Not listed,N/A,4,3
"1 - 15 BLACKLOCK STREET, Cambridge, ON",Rental,3200,Not listed,N/A,4,3
"1302 - 60 FREDERICK STREET, Kitchener, ON",Rental,2300,Not listed,N/A,2,2
"5 WELLINGTON Street S Unit# 910, Kitchener, ON",Rental,2150,625 SQFT,N/A,2,1
"65 TILBURY Street, Breslau, ON",Rental,3500,"2,300 SQFT",N/A,4,3
"2509 - 32 DUKE STREET, Kitchener, ON",Rental,2350,Not listed,N/A,2,2
"1989 OTTAWA Street S Unit# 63A, Kitchener, ON",Rental,2250,865 SQFT,N/A,2,1
"207 EDEN OAK TRAIL, Kitchener, ON",Rental,2850,Not listed,N/A,3,3
"6 CROSSBRIDGE AVENUE E, Kitchener, ON",Rental,3100,Not listed,N/A,4,3
"2203 - 15 WELLINGTON STREET, Kitchener, ON",Rental,1790,Not listed,N/A,1,1
"515 RIVERTRAIL AVENUE, Kitchener, ON",Rental,2750,Not listed,N/A,3,3
"160 BRUCE Street Unit# Main, Kitchener, ON",Rental,2500,"1,064 SQFT",N/A,3,1
"BSMNT - 684 LINDEN DRIVE, Cambridge, ON",Rental,2200,Not listed,N/A,2,2
"1204 - 741 KING STREET W, Kitchener, ON",Rental,1900,Not listed,N/A,1,1
"200 WHEAT LANE, Kitchener, ON",Rental,2400,Not listed,N/A,2,3
"UPPER - 505 BRIDLEWREATH COURT, Kitchener, ON",Rental,3500,Not listed,N/A,4,3
"G30 - 6 UPPER MERCER STREET, Kitchener, ON",Rental,3150,Not listed,N/A,4,4
"UPPER - 27 WILKINSON AVENUE, Cambridge, ON",Rental,2750,Not listed,N/A,3,3
"E - 237 RACHEL CRESCENT, Kitchener, ON",Rental,2200,Not listed,N/A,2,2
"1989 OTTAWA Street S Unit# 24D, Kitchener, ON",Rental,2499,"1,005 SQFT",N/A,2,2
"B602 - 62 BALSAM STREET, Waterloo, ON",Rental,2150,Not listed,N/A,2,2
"15 WELLINGTON Street S Unit# 403, Kitchener, ON",Rental,1995,860 SQFT,N/A,1,1
"312 TAGGE Crescent, Kitchener, ON",Rental,3000,"1,438 SQFT","$3,721",3,3
"132 MERNER Avenue Unit# 3, Kitchener, ON",Rental,1350,400 SQFT,N/A,1,1
"200 WHEAT Lane, Kitchener, ON",Rental,2400,"1,225 SQFT",N/A,2,3
"3 - 270 CLIFTON ROAD, Kitchener, ON",Rental,2400,Not listed,N/A,3,1
"619 SOUTH HAVEN Drive, Waterloo, ON",Rental,2850,"1,450 SQFT",N/A,3,2
"931 GLASGOW Street Unit# 33B, Waterloo, ON",Rental,2500,"1,517 SQFT",N/A,3,2
"595 STRASBURG Road Unit# 209, Kitchener, ON",Rental,2050,701 SQFT,N/A,2,1
"2703 - 15 WELLINGTON STREET S, Kitchener, ON",Rental,1995,Not listed,N/A,1,1
"204 - 103 ROGERS STREET, Waterloo, ON",Rental,2500,Not listed,N/A,2,2
"D16 - 10 PALACE STREET, Kitchener, ON",Rental,2250,Not listed,N/A,2,2
"536 BECKVIEW CRESCENT Crescent, Kitchener, ON",Rental,3299,"2,719 SQFT","$5,575",4,3
"501 MAYFLOWER STREET, Waterloo, ON",Rental,3000,Not listed,N/A,4,2
"15 SAXONY STREET, Kitchener, ON",Rental,3400,Not listed,N/A,4,3
"26 SUMMIT Avenue, Kitchener, ON",Rental,3500,"1,057 SQFT","$4,060",4,2
"218 DEARBORN BOULEVARD, Waterloo, ON",Rental,3300,Not listed,N/A,3,3
"90 DONNENWERTH DRIVE, Kitchener, ON",Rental,2850,Not listed,N/A,3,3
"216 WOODBINE AVENUE, Kitchener, ON",Rental,1800,Not listed,N/A,2,1
"135 - 25 ISHERWOOD AVENUE, Cambridge, ON",Rental,2799,Not listed,N/A,3,3
"216 WOODBINE (BASEMENT) Avenue, Kitchener, ON",Rental,1800,"2,762 SQFT","$5,103",2,1
"73 LITTLEFIELD Crescent E Unit# Lower Unit, Kitchener, ON",Rental,1800,675 SQFT,"$4,133",1,1
"F 14 - 20 PALACE STREET, Kitchener, ON",Rental,2195,Not listed,N/A,2,2
"525 NEW DUNDEE Road Unit# 203, Kitchener, ON",Rental,2600,"1,055 SQFT",N/A,2,2
"5 - 25 ISHERWOOD AVENUE, Cambridge, ON",Rental,2350,Not listed,N/A,3,2
"1908 - 55 DUKE STREET N, Kitchener, ON",Rental,2650,Not listed,N/A,3,2
"44 PONY WAY, Kitchener, ON",Rental,2999,Not listed,N/A,4,3
"UPPER - 16 WHITEHAVEN LANE, Kitchener, ON",Rental,2975,Not listed,N/A,3,3
"20 PALACE Street Unit# F14, Kitchener, ON",Rental,2195,"1,034 SQFT",N/A,2,2
"150 FORESTWALK STREET N, Kitchener, ON",Rental,3699,Not listed,N/A,4,4
"203 MAUSSER Avenue Unit# 12, Kitchener, ON",Rental,2000,723 SQFT,N/A,2,1
"23 MCDOUGALL Road Unit# LOWER, Waterloo, ON",Rental,1850,982 SQFT,"$4,199",2,1
"34 - 470 LINDEN DRIVE, Cambridge, ON",Rental,2700,Not listed,N/A,3,3
"1331 COUNTRYSTONE Drive Unit# B5, Kitchener, ON",Rental,2150,822 SQFT,"$2,776",2,2
"839 AUTUMN WILLOW Drive, Waterloo, ON",Rental,3900,"2,900 SQFT","$9,236",4,4
"36 PONY WAY, Kitchener, ON",Rental,2995,Not listed,N/A,6,4
"224 BEAUMONT CRESCENT, Kitchener, ON",Rental,3200,Not listed,N/A,3,4
"313 - 107 ROGER STREET, Waterloo, ON",Rental,1900,Not listed,N/A,1,1
"521 PARKVIEW CRESCENT, Cambridge, ON",Rental,2699,Not listed,N/A,3,1
"2601 - 108 GARMENT STREET, Kitchener, ON",Rental,2200,Not listed,N/A,1,1
"268 MANCHESTER ROAD, Kitchener, ON",Rental,3499,Not listed,N/A,5,3
"MAIN - 349 MILL STREET, Kitchener, ON",Rental,3000,Not listed,N/A,4,2
"W/OBSMT - 535 APPLEDALE CRESCENT, Waterloo, ON",Rental,2750,Not listed,N/A,4,2
"UPPER - 349 MILL STREET, Kitchener, ON",Rental,2000,Not listed,N/A,2,1
"595 STRASBURG Road Unit# 805, Kitchener, ON",Rental,2150,756 SQFT,N/A,2,1
"595 STRASBURG Road Unit# 712, Kitchener, ON",Rental,2150,756 SQFT,N/A,2,1
"115 SOUTH CREEK Drive Unit# 2D, Kitchener, ON",Rental,3000,"1,575 SQFT","$3,574",3,3
"595 STRASBURG Road Unit# 506, Kitchener, ON",Rental,2150,756 SQFT,N/A,2,1
"6 OAT Lane Unit# 94, Kitchener, ON",Rental,2600,"1,220 SQFT",N/A,2,3
"349 MILL Street Unit# Upper, Kitchener, ON",Rental,2000,"3,419 SQFT","$3,895",2,1
"258 HESPELER Road Unit# 30, Cambridge, ON",Rental,2995,"1,601 SQFT",N/A,3,3
"205 WEST OAK Trail Unit# 55, Kitchener, ON",Rental,2098,841 SQFT,"$2,691",2,1
"595 STRASBURG Road Unit# 406, Kitchener, ON",Rental,2150,756 SQFT,N/A,2,1
"107 WELLINGTON Street N, Kitchener, ON",Rental,2900,"1,668 SQFT",N/A,2,2
"8 BEATRICE Lane, Kitchener, ON",Rental,2900,"1,423 SQFT","$3,555",3,3
"104 GARMENT Street Unit# 1204, Kitchener, ON",Rental,2000,699 SQFT,"$3,220",1,1
"MAIN - 557 STIRLING AVENUE S, Kitchener, ON",Rental,2400,Not listed,N/A,2,1
"2 HILDA Place, Kitchener, ON",Rental,2695,Not listed,"$3,068",3,1
"53 BRUCE Street, Kitchener, ON",Rental,2999,Not listed,"$2,981",4,2
"595 STRASBURG Road Unit# 611, Kitchener, ON",Rental,2150,756 SQFT,N/A,2,1
"298 ACTIVA AVENUE, Kitchener, ON",Rental,2700,Not listed,N/A,4,3
"1 - 90 DUCKWORTH ROAD, Cambridge, ON",Rental,1750,Not listed,N/A,2,1
"250 DRIFTWOOD Drive Unit# Upper, Kitchener, ON",Rental,3700,"2,362 SQFT",N/A,4,3
"85 DUKE Street E Unit# 711, Kitchener, ON",Rental,2100,660 SQFT,"$3,233",1,1
"513 BLAIR CREEK DRIVE Drive, Kitchener, ON",Rental,2200,"3,400 SQFT",N/A,2,1
"312 ERB Street W Unit# 306, Waterloo, ON",Rental,1950,502 SQFT,N/A,1,1
"235 APPLE HILL CRESCENT, Kitchener, ON",Rental,3500,Not listed,N/A,3,4
"143 RIDGEWOOD Road Unit# 46, Cambridge, ON",Rental,2800,"1,700 SQFT",N/A,3,3
"46 - 143 RIDGE ROAD, Cambridge, ON",Rental,2800,Not listed,N/A,3,3
"MAIN - 80 CHESTNUT STREET, Kitchener, ON",Rental,2700,Not listed,N/A,3,2
"28 TIMBERLANE Crescent Unit# LOWER UNIT, Kitchener, ON",Rental,2150,"1,041 SQFT",N/A,2,2
"120 OLD CARRIAGE Drive Unit# B501, Kitchener, ON",Rental,2193,899 SQFT,N/A,2,1
"239 PROSPERITY DR. DRIVE, Kitchener, ON",Rental,3000,Not listed,N/A,3,3
"190 GRULKE Street Unit# 6, Kitchener, ON",Rental,2450,"1,321 SQFT","$1,925",3,2
"1 VICTORIA Street Unit# 307, Kitchener, ON",Rental,2100,657 SQFT,N/A,1,1
"867 LAURELWOOD Drive, Waterloo, ON",Rental,3000,"1,557 SQFT","$4,555",3,3
"22 SHELDON Avenue N Unit# C, Kitchener, ON",Rental,2550,900 SQFT,N/A,3,1
"62 BARWOOD CRESCENT, Kitchener, ON",Rental,2700,Not listed,N/A,3,1
"35 (UPPER) WESTCHESTER Drive, Kitchener, ON",Rental,2500,"1,109 SQFT",N/A,3,1
"33 - 258 HESPELER ROAD, Cambridge, ON",Rental,2950,Not listed,N/A,4,3
"84 EVERGLADE Crescent Unit# LOWER, Kitchener, ON",Rental,2200,Not listed,"$4,684",2,1
"84 EVERGLADE Crescent Unit# UPPER, Kitchener, ON",Rental,2600,Not listed,"$4,684",3,1
"LOWER - 1506 QUEENS BOULEVARD, Kitchener, ON",Rental,2000,Not listed,N/A,3,1
"76 MONTCALM Drive Unit# Lower, Kitchener, ON",Rental,2000,"1,000 SQFT",N/A,2,1
"24 - 15 BLACKLOCK STREET, Cambridge, ON",Rental,3200,Not listed,N/A,3,3
"741 KING Street W Unit# 1504, Kitchener, ON",Rental,1850,553 SQFT,N/A,1,1
"207 - 55 DUKE STREET W, Kitchener, ON",Rental,1850,Not listed,N/A,1,1
"521 HAVELOCK DRIVE, Waterloo, ON",Rental,2650,Not listed,N/A,3,1
"1430 HIGHLAND Road W Unit# B19, Kitchener, ON",Rental,2500,"1,412 SQFT",N/A,2,2
"636 LINDEN DRIVE, Cambridge, ON",Rental,2475,Not listed,N/A,2,2
"778 PARIS Boulevard, Waterloo, ON",Rental,2780,"1,487 SQFT","$3,601",3,3
"10 SUGAR Trail Unit# BASEMENT, Kitchener, ON",Rental,1800,"1,025 SQFT",N/A,2,1
"D30 - 12 HOLBORN DRIVE, Kitchener, ON",Rental,2300,Not listed,N/A,3,2
"131 CLARK Avenue Unit# LOWER, Kitchener, ON",Rental,2000,"1,971 SQFT",N/A,2,1
"191 KING Street S Unit# 801, Waterloo, ON",Rental,2499,835 SQFT,N/A,2,2
"535 MARGARET Street Unit# 60, Cambridge, ON",Rental,2700,"1,273 SQFT",N/A,3,2
"158 KING Street N Unit# 2305, Waterloo, ON",Rental,2650,865 SQFT,"$3,528",2,2
"55 GREEN VALLEY Drive Unit# 109, Kitchener, ON",Rental,1900,696 SQFT,"$1,696",1,1
"101 GOLDEN EAGLE Road Unit# 304, Waterloo, ON",Rental,1999,583 SQFT,N/A,1,1
"1100 COURTLAND Avenue Unit# 808, Kitchener, ON",Rental,2300,"1,000 SQFT",N/A,2,1
"607 - 60 FREDRICK DRIVE, Kitchener, ON",Rental,2500,Not listed,N/A,2,2
"83 - 261 WOODBINE AVENUE, Kitchener, ON",Rental,2900,Not listed,N/A,3,2
"44 WHEAT Lane, Kitchener, ON",Rental,2400,"1,225 SQFT","$3,207",2,3
"375 KING Street N Unit# 1005, Waterloo, ON",Rental,1050,"1,170 SQFT",N/A,1,2
"6 DAYMAN COURT, Kitchener, ON",Rental,5000,Not listed,N/A,5,3
"143 RIDGE Road, Waterloo, ON",Rental,2850,"1,139 SQFT",N/A,2,3
"409 - 103 ROGER STREET, Waterloo, ON",Rental,1900,Not listed,N/A,1,1
"904 - 128 KING ST STREET N, Waterloo, ON",Rental,2400,Not listed,N/A,2,2
"142 FOAMFLOWER Place Unit# 14, Waterloo, ON",Rental,2500,"1,278 SQFT",N/A,2,3
"1438 HIGHLAND Road W Unit# 603, Kitchener, ON",Rental,2540,872 SQFT,N/A,2,2
"1438 W HIGHLAND Road Unit# 1206, Kitchener, ON",Rental,2070,604 SQFT,N/A,1,1
"709 - 85 DUKE STREET W, Kitchener, ON",Rental,2200,Not listed,N/A,2,1
"244 RIDGE ROAD, Cambridge, ON",Rental,3950,Not listed,N/A,5,5
"266 OVERLEA Drive Unit# 302, Kitchener, ON",Rental,1895,732 SQFT,N/A,2,1
"561 LANDGREN Court, Kitchener, ON",Rental,2900,"1,500 SQFT",N/A,3,3
"257 HEMLOCK Street Unit# 301, Waterloo, ON",Rental,1850,500 SQFT,N/A,1,1
"1460 HIGHLAND Road W Unit# 8A, Kitchener, ON",Rental,2450,"1,212 SQFT",N/A,2,2
"43 BIG SPRINGS Court, Kitchener, ON",Rental,3200,"1,600 SQFT",N/A,4,3
"489 EAST Avenue Unit# B, Kitchener, ON",Rental,3900,"1,226 SQFT","$2,838",3,2
"407 LINDEN DRIVE, Cambridge, ON",Rental,3300,"2,643 SQFT","$5,500",4,3
"BSMT -3 RIVERTRAIL Avenue, Kitchener, ON",Rental,1750,"2,400 SQFT",N/A,2,1
"142 FOAMFLOWER Place Unit# D49, Waterloo, ON",Rental,2800,"1,090 SQFT",N/A,3,2
"157 SCHWEITZER STREET, Kitchener, ON",Rental,2700,Not listed,N/A,3,2
"170 OLD CARRIAGE Drive Unit# C218, Kitchener, ON",Rental,2008,856 SQFT,N/A,2,1
"64 BENTON Street Unit# 202, Kitchener, ON",Rental,1750,630 SQFT,"$1,455",1,1
"2710 - 60 FREDERICK STREET S, Kitchener, ON",Rental,2100,Not listed,N/A,2,2
"604 ROYAL FERN Street, Waterloo, ON",Rental,2900,"1,470 SQFT",N/A,3,2
"1704 - 318 SPRUCE STREET, Waterloo, ON",Rental,1900,Not listed,N/A,1,1
"43 OLDFIELD DRIVE, Kitchener, ON",Rental,1800,Not listed,N/A,2,2
"38 - 178 WESTCOURT PLACE, Waterloo, ON",Rental,2600,Not listed,N/A,3,2
"11 - 222 HARVARD PLACE, Waterloo, ON",Rental,2700,Not listed,N/A,2,1
"2006 - 15 WELLINGTON STREET W, Kitchener, ON",Rental,2150,Not listed,N/A,1,1
"2205 - 55 DUKE STREET, Kitchener, ON",Rental,2150,Not listed,N/A,1,1
"A - 532 SUNNYDALE PLACE, Waterloo, ON",Rental,2950,Not listed,N/A,4,2
"E - 524 SUNNYDALE PLACE, Waterloo, ON",Rental,2400,Not listed,N/A,3,1
"321 CARRIAGE Way N Unit# B, Waterloo, ON",Rental,1700,650 SQFT,"$7,291",1,1
"90 PROGRESS CRESCENT, Kitchener, ON",Rental,2550,Not listed,N/A,2,3
"101 GOLDEN EAGLE ROAD Unit# 302, Waterloo, ON",Rental,2000,541 SQFT,N/A,1,1
"176 KENNETH AVENUE, Kitchener, ON",Rental,1900,Not listed,N/A,2,1
"15 WELLINGTON Street S Unit# 2807, Kitchener, ON",Rental,2150,580 SQFT,N/A,1,1
"152 ROCKCLIFFE Drive Unit# B, Kitchener, ON",Rental,1875,"1,042 SQFT","$5,752",2,1
"30 HUGO Crescent Unit# 211, Kitchener, ON",Rental,1899,740 SQFT,"$1,472",2,1
"203 MAUSSER Avenue Unit# 11, Kitchener, ON",Rental,2500,992 SQFT,N/A,3,1
"15 WELLINGTON Street S Unit# 609, Kitchener, ON",Rental,2500,818 SQFT,"$3,233",2,2
"15 WELLINGTON Street S Unit# 2502, Kitchener, ON",Rental,2500,755 SQFT,N/A,2,2
"12 - 60 FREDERICK STREET, Kitchener, ON",Rental,2150,Not listed,N/A,2,1
"55 DUKE Street Unit# 227, Kitchener, ON",Rental,1975,688 SQFT,N/A,1,1
"89 BLACKSMITH DRIVE, Woolwich, ON",Rental,3000,Not listed,N/A,3,3
"2103 - 318 SPRUCE STREET, Waterloo, ON",Rental,3295,Not listed,N/A,3,2
"G407 - 275 LARCH STREET, Waterloo, ON",Rental,2300,Not listed,N/A,2,2
"F114 - 275 LARCH STREET, Waterloo, ON",Rental,1700,Not listed,N/A,1,1
"62 ELKINGTON DRIVE, Kitchener, ON",Rental,1750,Not listed,N/A,1,1
"MAIN - 1749 EASTDOWNS DRIVE, Cambridge, ON",Rental,2900,Not listed,N/A,3,1
"8 ROSENEATH Crescent Unit# B, Kitchener, ON",Rental,1950,922 SQFT,N/A,2,2
"1405 - 741 KING STREET W, Kitchener, ON",Rental,1999,Not listed,N/A,1,1
"700 ERINBROOK Drive Unit# 21, Kitchener, ON",Rental,2400,"1,318 SQFT","$2,290",3,2
"476 PROSPECT Avenue Unit# MAIN, Kitchener, ON",Rental,2000,800 SQFT,N/A,2,1
"105 - 85 DUKE STREET W, Kitchener, ON",Rental,2600,Not listed,N/A,2,2
"BSMNT - 454 WESTHAVEN STREET, Waterloo, ON",Rental,2000,Not listed,N/A,2,1
"108 GARMENT Street S Unit# 812, Kitchener, ON",Rental,1900,549 SQFT,N/A,1,1
"149-A NORTHLAKE Drive Unit# Basement, Waterloo, ON",Rental,2000,Not listed,N/A,2,0
"184-B WILFRED Avenue Unit# Lower, Kitchener, ON",Rental,1850,"1,000 SQFT",N/A,1,1
"533 GRISTMILL Street, Waterloo, ON",Rental,4000,"3,680 SQFT","$7,671",5,4
"25 ISHERWOOD Avenue Unit# C037, Cambridge, ON",Rental,2300,"1,148 SQFT",N/A,3,2
"155 EQUESTRIAN Way Unit# 96, Cambridge, ON",Rental,2800,"1,500 SQFT","$1,200",3,4
"163 ERB STREET W, Waterloo, ON",Rental,2795,Not listed,N/A,3,2
"184 MAITLAND STREET, Kitchener, ON",Rental,2850,Not listed,N/A,3,3
"#H4 - 70 WILLOWRUN DRIVE, Kitchener, ON",Rental,2550,Not listed,N/A,2,3
"G-105 - 275 LARCH STREET, Waterloo, ON",Rental,2600,Not listed,N/A,2,2
"39 APPLEBY Street, Kitchener, ON",Rental,2495,"1,282 SQFT","$2,985",2,3
"5 OXFORDSHIRE LANE, Kitchener, ON",Rental,2750,Not listed,N/A,3,3
"G205 - 275 LARCH STREET, Waterloo, ON",Rental,2375,Not listed,N/A,2,2
"12 BANK SWALLOW Crescent, Kitchener, ON",Rental,3050,"1,840 SQFT",N/A,3,3
"144 WATERMILL Street, Kitchener, ON",Rental,2949,"1,444 SQFT","$4,404",3,3
"364 TEALBY Place, Waterloo, ON",Rental,1995,Not listed,N/A,2,1
"132 HENHOEFFER CRESCENT, Kitchener, ON",Rental,3200,Not listed,N/A,4,2
"224 BUTTERCUP Court, Waterloo, ON",Rental,3300,"1,500 SQFT",N/A,4,4
"62 SCENIC Drive Unit# Lower, Kitchener, ON",Rental,2090,"1,093 SQFT","$3,660",2,1
"B - 210 MELROSE AVENUE, Kitchener, ON",Rental,1950,Not listed,N/A,2,1
"210 MELROSE Avenue Unit# B, Kitchener, ON",Rental,1950,"2,080 SQFT","$3,595",2,1
"106 - 253 ALBERT STREET W, Waterloo, ON",Rental,2500,Not listed,N/A,2,2
"UPPER - 950 QUEENS BOULEVARD, Kitchener, ON",Rental,2500,Not listed,N/A,3,1
"593 STRASBURG Road Unit# 509, Kitchener, ON",Rental,1925,640 SQFT,N/A,2,1
"931 GLASGOW Street Unit# 28B, Kitchener, ON",Rental,2700,"1,480 SQFT",N/A,3,2
"15 BLACKLOCK STREET Street Unit# 09, Cambridge, ON",Rental,2799,"1,660 SQFT",$1,3,3
"UPPER - 368 FOUNTAIN STREET, Cambridge, ON",Rental,2600,Not listed,N/A,2,1
"283 FAIRWAY Road N Unit# 106, Kitchener, ON",Rental,2150,842 SQFT,N/A,2,1
"481 LAUSANNE Crescent, Waterloo, ON",Rental,2800,"1,357 SQFT",N/A,3,3
"431 BLAIR ROAD, Cambridge, ON",Rental,2850,Not listed,N/A,2,2
"51 - 142 FOAMFLOWER PLACE, Waterloo, ON",Rental,2500,Not listed,N/A,2,3
"1331 COUNTRYSTONE Drive Unit# A10, Kitchener, ON",Rental,2200,822 SQFT,N/A,2,2
"736 OLD ALBERT Street Unit# 411, Waterloo, ON",Rental,1895,784 SQFT,N/A,2,1
"274 ERB Street W Unit# 102, Waterloo, ON",Rental,2095,752 SQFT,N/A,2,1
"224 COUNTRYSTONE Crescent Unit# 2, Kitchener, ON",Rental,2200,"1,316 SQFT","$3,854",2,2
"361 WESTVALE Drive Unit# upper, Waterloo, ON",Rental,2300,600 SQFT,"$4,082",2,1
"158 KING Street N Unit# 2504, Waterloo, ON",Rental,2300,600 SQFT,N/A,2,1
"424 - 690 KING STREET W, Kitchener, ON",Rental,2500,Not listed,N/A,2,1
"610 - 128 KING STREET N, Kitchener, ON",Rental,1950,Not listed,N/A,2,1
"B - 61 MARSHALL STREET, Waterloo, ON",Rental,2600,Not listed,N/A,3,2
"1 - 270 CLIFTON ROAD, Kitchener, ON",Rental,1850,Not listed,N/A,2,1
"909 - 128 KING STREET N, Waterloo, ON",Rental,2250,Not listed,N/A,2,1
"700 PARIS Boulevard Unit# Lower, Waterloo, ON",Rental,1500,"1,803 SQFT","$3,707",0,1
"384 ERB Street W Unit# 202, Waterloo, ON",Rental,2300,"1,095 SQFT",N/A,2,1
"22 BERWICK PLACE, Kitchener, ON",Rental,2350,Not listed,N/A,3,2
"406 ERB Street W Unit# 2, Waterloo, ON",Rental,2300,"1,180 SQFT",N/A,3,2
"408 ERB Street W Unit# 2, Waterloo, ON",Rental,2100,"1,200 SQFT",N/A,2,1
"406 ERB Street W Unit# 1, Waterloo, ON",Rental,3600,"1,320 SQFT",N/A,3,1
"28 DAYLILY Lane, Kitchener, ON",Rental,2500,"1,204 SQFT",N/A,3,2
"85 DUKE Street W Unit# 1501, Kitchener, ON",Rental,2099,630 SQFT,N/A,2,1
"G101 - 275 LARCH STREET, Waterloo, ON",Rental,2375,Not listed,N/A,2,1
"2 - 750 PARIS BOULEVARD, Waterloo, ON",Rental,1495,Not listed,N/A,1,1
"47 RED CLOVER Crescent, Kitchener, ON",Rental,3000,"1,650 SQFT",N/A,3,2
"1438 HIGHLAND Road Unit# 201, Kitchener, ON",Rental,2570,967 SQFT,N/A,2,2
"76 BRYBECK Crescent Unit# 204, Kitchener, ON",Rental,1999,900 SQFT,"$30,000",3,1
"1200 COURTLAND Avenue E Unit# 47, Kitchener, ON",Rental,1999,"1,000 SQFT","$1,466",2,1
"186 QUEEN Street N Unit# 3, Kitchener, ON",Rental,2095,"1,106 SQFT","$5,406",2,1
"109 WESTMOUNT Road Unit# 1, Waterloo, ON",Rental,3200,"1,556 SQFT",N/A,4,2
"C33 - 142 FOAMFLOWER PLACE, Waterloo, ON",Rental,2800,Not listed,N/A,3,2
"602 - 10 HIGHLAND CRESCENT, Kitchener, ON",Rental,2099,Not listed,N/A,1,1
"105 MOCCASIN Drive Unit# B, Waterloo, ON",Rental,1700,789 SQFT,"$4,874",2,1
"183 BROADACRE DRIVE, Kitchener, ON",Rental,3200,Not listed,N/A,3,4
"100 GARMENT Street Unit# 1104, Kitchener, ON",Rental,2200,647 SQFT,N/A,1,1
"61 MARSHALL Street Unit# B, Waterloo, ON",Rental,2600,"1,500 SQFT",N/A,3,2
"100 OLD CARRIAGE Drive Unit# A205, Kitchener, ON",Rental,2133,870 SQFT,N/A,2,1
"868 LAURELWOOD Drive, Waterloo, ON",Rental,3500,"2,187 SQFT","$4,517",4,4
"143 COACH HILL Drive Unit# LOWER, Kitchener, ON",Rental,1999,"1,005 SQFT","$3,704",3,1
"304 - 30 BRIDGE STREET W, Kitchener, ON",Rental,2300,Not listed,N/A,2,1
"108 FORESTWALK STREET, Kitchener, ON",Rental,2800,Not listed,N/A,3,3
"213 MAX BECKER Drive, Kitchener, ON",Rental,2800,"1,885 SQFT",N/A,3,3
"50 BRYAN Court Unit# 413, Kitchener, ON",Rental,2350,877 SQFT,"$3,068",2,2
"320 BISMARK DRIVE, Cambridge, ON",Rental,2900,"1,500 SQFT",N/A,3,3
"407 - 245 GREY SILO ROAD, Waterloo, ON",Rental,3200,Not listed,N/A,2,2
"275 LARCH Street Unit# B215, Waterloo, ON",Rental,1800,490 SQFT,"$1,811",1,1
"UNIT-44 - 420 LINDEN DRIVE, Cambridge, ON",Rental,2599,Not listed,N/A,3,2
"LL14 - 208 WOOLWICH STREET, Kitchener, ON",Rental,2199,Not listed,N/A,2,2
"1107 - 741 KING STREET W, Kitchener, ON",Rental,2100,Not listed,N/A,1,1
"924 ROBERT FERRIE DRIVE, Kitchener, ON",Rental,2900,Not listed,N/A,4,3
"280 LESTER Street Unit# 115, Waterloo, ON",Rental,4400,"1,600 SQFT",N/A,N/A,0
"102 WATERMILL STREET, Kitchener, ON",Rental,3890,Not listed,N/A,4,3
"53 RALGREEN CRESCENT, Kitchener, ON",Rental,2750,Not listed,N/A,3,2
"100 MARTINGLEN Crescent, Kitchener, ON",Rental,1999,"2,159 SQFT","$4,124",2,1
"15 WELLINGTON Street Unit# 405, Kitchener, ON",Rental,1800,525 SQFT,N/A,1,1
"529 FALCONRIDGE Crescent, Kitchener, ON",Rental,4300,"3,375 SQFT",N/A,4,4
"T201 - 62 BALSAM STREET, Waterloo, ON",Rental,4750,Not listed,N/A,7,3
"50 MILT SCHMIDT STREET, Kitchener, ON",Rental,3950,Not listed,N/A,5,4
"312 RM1 - 145 COLUMBIA STREET W, Waterloo, ON",Rental,1500,Not listed,N/A,3,2
"42 REGINA Street N, Waterloo, ON",Rental,4650,"1,044 SQFT","$4,161",5,2
"55 MEINZINGER Avenue Unit# 1, Kitchener, ON",Rental,1950,Not listed,"$6,581",2,1
"913 ROBERT FERRIE DRIVE, Kitchener, ON",Rental,3000,Not listed,N/A,4,3
"595 STRASBURG Road Unit# 412, Kitchener, ON",Rental,2150,716 SQFT,N/A,2,1
"595 STRASBURG Road Unit# 211, Kitchener, ON",Rental,2150,716 SQFT,N/A,2,1
"47 - 165 GREEN VALLEY DRIVE, Kitchener, ON",Rental,2500,Not listed,N/A,4,1
"155 CAROLINE Street S Unit# 1110, Waterloo, ON",Rental,2899,943 SQFT,N/A,3,2
"632 LINDEN DRIVE, Cambridge, ON",Rental,2650,Not listed,N/A,4,3
"1206 - 158 KING STREET N, Waterloo, ON",Rental,3000,Not listed,N/A,3,2
"212 ROYAL Street Unit# LOWER, Waterloo, ON",Rental,1600,"1,088 SQFT","$3,805",2,1
"171 KINZIE Avenue Unit# Lower, Kitchener, ON",Rental,1600,503 SQFT,N/A,1,1
"1108 - 255 KEATS WAY, Waterloo, ON",Rental,2600,Not listed,N/A,2,2
"212 WESTMEADOW Drive, Kitchener, ON",Rental,2850,"1,360 SQFT","$3,857",3,2
"614 - 257 HEMLOCK STREET, Waterloo, ON",Rental,1700,Not listed,N/A,1,1
"1801 BISCAYNE Drive, Cambridge, ON",Rental,2575,947 SQFT,"$3,600",2,1
"UPPER - 88 WELLINGTON STREET, Kitchener, ON",Rental,1900,Not listed,N/A,2,2
"142 FAIRWAY Road N Unit# UPPER, Kitchener, ON",Rental,2500,993 SQFT,N/A,3,1
"T101 - 62 BALSAM STREET, Waterloo, ON",Rental,3585,Not listed,N/A,5,3
"95 WANNAMAKER CRESCENT, Cambridge, ON",Rental,4600,Not listed,N/A,4,4
"464 HAZEL Street, Waterloo, ON",Rental,4500,"2,630 SQFT","$4,963",6,4
"142 FOAMFLOWER Place Unit# 08, Waterloo, ON",Rental,2700,"1,022 SQFT",N/A,2,2
"B - 99 NICKOLAS CRESCENT, Cambridge, ON",Rental,1847,Not listed,N/A,1,1
"99 NICKOLAS Crescent Unit# B, Cambridge, ON",Rental,1847,907 SQFT,N/A,1,1
"26 - 60 ELMSDALE DRIVE, Kitchener, ON",Rental,2500,Not listed,N/A,3,2
"60 SANDSPRINGS Crescent Unit# UPPER, Kitchener, ON",Rental,2400,900 SQFT,"$4,000",3,1
"324 MOUNTAIN LAUREL Crescent Unit# Upper, Kitchener, ON",Rental,2700,"1,417 SQFT","$4,213",3,2
"75 COTTON GRASS STREET, Kitchener, ON",Rental,3099,Not listed,N/A,3,3
"269 BROADACRE DRIVE, Kitchener, ON",Rental,3900,Not listed,N/A,4,4
"1405 KING STREET E, Cambridge, ON",Rental,2900,Not listed,N/A,3,2
"450 HESPELER Road Unit# G109, Cambridge, ON",Rental,32,"1,981 SQFT",$12,N/A,0
"281 CHAPEL HILL DRIVE, Kitchener, ON",Rental,2800,Not listed,N/A,3,3
"108 GARMENT Street Unit# 403, Kitchener, ON",Rental,1875,704 SQFT,N/A,1,1
"428 PROSPECT Avenue Unit# 4, Kitchener, ON",Rental,2175,778 SQFT,N/A,2,1
"128 KING STREET NORTH Street Unit# 703, Waterloo, ON",Rental,2000,685 SQFT,"$3,540",2,1
"318 SPRUCE Street Unit# 1501, Waterloo, ON",Rental,2100,703 SQFT,"$3,652",1,2
"1801 - 318 SPRUCE STREET, Waterloo, ON",Rental,2100,Not listed,N/A,2,2
"1941 OTTAWA Street S Unit# 15c, Kitchener, ON",Rental,3000,"1,461 SQFT",N/A,3,2
"11 OLYMPIC Drive Unit# 10, Kitchener, ON",Rental,2300,705 SQFT,N/A,3,1
"950 HIGHLAND Road W Unit# 1, Kitchener, ON",Rental,2400,"1,157 SQFT","$2,739",3,1
"37 SPORTSMAN HILL STREET, Kitchener, ON",Rental,2850,Not listed,N/A,4,3
"158 LAUREL Street Unit# 2, Cambridge, ON",Rental,2000,Not listed,"$4,079",2,1
"1200 COURTLAND Avenue E Unit# 34, Kitchener, ON",Rental,1899,"1,000 SQFT","$1,466",2,1
"460 HESPELER Road Unit# 103A, Cambridge, ON",Rental,35,"1,490 SQFT",$12,N/A,0
"460 HESPELER Road Unit# 103, Cambridge, ON",Rental,35,"2,712 SQFT",$12,N/A,0
"A-227 INVERHURON Crescent Unit# LOWER, Waterloo, ON",Rental,1850,788 SQFT,N/A,1,1
"283 FAIRWAY Road N Unit# 306, Kitchener, ON",Rental,2150,830 SQFT,N/A,2,1
"31 CROSSMORE CRESCENT, Cambridge, ON",Rental,3200,Not listed,N/A,3,3
"142 FOAMFLOWER Place Unit# 29, Waterloo, ON",Rental,2750,"1,091 SQFT",N/A,3,2
"UPPER - 139 MACGREGOR CRESCENT, Waterloo, ON",Rental,2700,Not listed,N/A,3,1
"609 LANCASTER Street W Unit# B, Kitchener, ON",Rental,2150,850 SQFT,N/A,2,1
"G309 - 275 LARCH STREET, Waterloo, ON",Rental,2600,Not listed,N/A,2,2
"402 - 271 LESTER STREET, Waterloo, ON",Rental,900,Not listed,N/A,5,2
"76 BRYBECK Crescent Unit# 302, Kitchener, ON",Rental,1899,900 SQFT,"$30,000",2,0
"259 RIDGE ROAD, Cambridge, ON",Rental,1950,Not listed,N/A,2,2
"161 OTTAWA Street Unit# 108, Kitchener, ON",Rental,1895,900 SQFT,N/A,1,1
"130 COLUMBIA Street W Unit# 711, Waterloo, ON",Rental,18,"1,060 SQFT",N/A,N/A,0
"E1 - 20 PALACE STREET, Kitchener, ON",Rental,1099,Not listed,N/A,1,1
"257 HEMLOCK Street Unit# 320, Waterloo, ON",Rental,1975,529 SQFT,N/A,1,1
"365 ALBERT Street Unit# 612, Waterloo, ON",Rental,18,"1,380 SQFT",N/A,N/A,0
"619 WILD GINGER Avenue Unit# D21, Waterloo, ON",Rental,3500,"2,100 SQFT",N/A,3,3
"BSMNT - 22 CASTLEBAY STREET, Kitchener, ON",Rental,1990,Not listed,N/A,2,1
"1438 HIGHLAND Road W Unit# 310, Kitchener, ON",Rental,2700,905 SQFT,N/A,3,2
"181 KING Street Unit# 128, Waterloo, ON",Rental,1500,250 SQFT,N/A,N/A,0
"188 KING Street S Unit# 205, Waterloo, ON",Rental,1900,556 SQFT,N/A,0,1
"120 STIRLING AVENUE N, Kitchener, ON",Rental,6500,Not listed,N/A,5,3
